feature_name,covariate_name,lag,known_future,known_future_provenance,selection_rank,relevance,max_redundancy,target_history_redundancy,final_score
x_driver_secondary_lag7,driver_secondary,7,False,,1,0.6052631578947368,0.0,0.18421052631578946,0.4937673130193906
x_noise_sensor_lag5,noise_sensor,5,False,,2,0.3684210526315789,0.10668563300142248,0.2236842105263158,0.2554978071817261
x_calendar_flag_lag3,calendar_flag,3,True,calendar,3,0.5263157894736842,0.32574679943101,0.32894736842105265,0.23813651820649923
x_driver_direct_lag7,driver_direct,7,False,,4,0.7894736842105263,0.5789473684210527,0.5789473684210527,0.1399620935996501
x_sensor_near_dup_lag7,sensor_near_dup,7,False,,5,0.7631578947368421,0.8733997155049786,0.631578947368421,0.035595370848323184
x_calendar_flag_lag2,calendar_flag,2,True,calendar,6,0.5,0.8904694167852063,0.35526315789473684,0.035309201167926914
