lag,cross_ami,gcmi,cross_ami_monotone,gcmi_monotone,cross_ami_abs_delta,gcmi_abs_delta
4,0.5161219082314039,0.6961916241224244,0.518655357876634,0.6961916241224244,0.002533449645230057,0.0
5,0.5054571029685802,0.7050693441986853,0.5079236366488935,0.7050693441986853,0.002466533680313354,0.0
3,0.4207971098277019,0.5958729502429798,0.43513439125638254,0.5958729502429798,0.014337281428680626,0.0
2,0.29676224082859193,0.4221320704339512,0.3100383288046835,0.4221320704339512,0.013276087976091588,0.0
1,0.17600406866109708,0.23923817549244894,0.17314750731204054,0.23923817549244894,0.002856561349056541,0.0
