lag,te_x_to_y,te_y_to_x
1,0.4387417180207125,0.1557458306299555
2,0.06282690676761593,0.0
3,0.019645288872723654,0.011385253243464177
4,0.0,0.0
5,0.002177553455336323,0.012811171827451062
